,Stability (Avg Silhouette),Minimum Stability,Matrix Frobenius%,Mean Sample L1%,Maximum Sample L1%,Mean Sample L2%,Maximum Sample L2%,Significant Decrease of L2,Mean Sample KL,Maximum Sample KL
2,1.0,1.0,19.74%,26.63%,60.43%,28.82%,53.3%,True,0.0606,0.2706
3,0.99,0.97,17.08%,19.79%,48.27%,19.52%,46.54%,True,0.038,0.1703
4,0.98,0.96,10.88%,15.73%,25.3%,15.67%,25.62%,False,0.0236,0.0607
5*,0.96,0.92,4.62%,12.49%,20.0%,12.17%,21.26%,True,0.016,0.0355
6,0.89,0.54,4.01%,11.32%,17.7%,10.96%,17.62%,False,0.0132,0.0258
7,0.67,-0.34,4.16%,11.06%,18.2%,10.67%,18.1%,False,0.0124,0.0258
