De novo extracted, Global NMF Signatures, L1 Error %, L2 Error %, Cosine Similarity
Signature 96-A, Signature SBS1 (0.86%) & Signature SBS2 (36.48%) & Signature SBS5 (6.24%) & Signature SBS13 (56.42%), 0.14,  0.07, 1.00
Signature 96-B, Signature SBS1 (1.56%) & Signature SBS3 (97.70%) & Signature SBS5 (0.74%), 0.25,  0.29, 0.96
Signature 96-C, Signature SBS1 (12.60%) & Signature SBS5 (37.02%) & Signature SBS21 (13.66%) & Signature SBS44 (36.72%), 0.23,  0.21, 0.98
Signature 96-D, Signature SBS1 (18.28%) & Signature SBS5 (46.74%) & Signature SBS18 (34.98%), 0.31,  0.27, 0.96
Signature 96-E, Signature SBS1 (15.62%) & Signature SBS2 (36.34%) & Signature SBS5 (48.04%), 0.32,  0.21, 0.98
