chr,from,to,Major,minor,length,covRatio,TCN,SV.Type,c1Mean,c2Mean,dhEst,dhSNPs,genotype,GNL,NbrOfHetsSNPs,minStart,maxStart,minStop,maxStop
chr1,840009,2390033,1,1,1550025,1.0843414,2.0022166,NA,1.001108313,1.0011083,0,0.049864474,1:1,neutral,817,840009,840009,2389975,2390091
chr1,2390033,2446690,1,0,56658,0.5722736,1.0173396,NA,0.008734752,1.0086048,0.98282825,0.918026852,1:0,LOH,35,2389975,2390091,2446600,2446690
chr1,2492355,2807589,1,0,315235,0.5722736,1.0173396,INV,0.008734752,1.0086048,0.98282825,0.912457875,1:0,LOH,72,2492355,2492411,2807573,2807589
chr1,2869505,4521920,1,0,1652416,0.5722736,1.0173396,INV,0.008734752,1.0086048,0.98282825,0.913711364,1:0,LOH,1902,2869505,2869523,4521911,4521920
chr1,4704820,7282952,1,0,2578134,0.5722736,1.0173396,DEL,0.008734752,1.0086048,0.98282825,0.910605952,1:0,LOH,1969,4704820,4704955,7282877,7282952
chr1,7283394,8492172,0,0,1208779,0.0544,0.021296,INV,0.010648,0.010648,0,0.1575,0:0,LOH,831,7283394,7283418,8491835,8492172
chr1,8501639,8907807,1,0,406169,0.5722736,1.0173396,INV,0.008734752,1.0086048,0.98282825,0.899489516,1:0,LOH,175,8501639,8501679,8879768,8907807
chr1,8908564,9008564,1,0,100001,0.5722736,1.0173396,DUP,0.008734752,1.0086048,0.98282825,0.906624052,1:0,LOH,56,8908564,8910095,9008474,9008564
chr1,9008760,9081050,1,1,72291,1.0098193,1.8588858,ITX,0.929442893,0.9294429,0,0.050361792,1:1,neutral,76,9008760,9008922,9081036,9081050
chr1,9081051,9096978,1,0,15928,0.5722736,1.0173396,INV,0.008734752,1.0086048,0.98282825,0.90955847,1:0,LOH,37,9081051,9081061,9096929,9096978
chr1,9122920,9149239,1,0,26320,0.5722736,1.0173396,DUP,0.008734752,1.0086048,0.98282825,0.905036425,1:0,LOH,36,9122920,9122937,9149150,9149239
chr1,9149552,9237893,1,1,88342,1.0843414,2.0022166,INV,1.001108313,1.0011083,0,0.042208721,1:1,neutral,52,9149552,9149604,9237797,9237893
chr1,9237894,9310376,1,0,72483,0.5722736,1.0173396,INV,0.008734752,1.0086048,0.98282825,0.90225,1:0,LOH,137,9237894,9237960,9310369,9310376
chr1,9310741,9389101,1,1,78361,1.0843414,2.0022166,INV,1.001108313,1.0011083,0,0.050690979,1:1,neutral,124,9310741,9310774,9388853,9389101
chr1,9389356,9533149,1,0,143794,0.5722736,1.0173396,DUP,0.008734752,1.0086048,0.98282825,0.910223077,1:0,LOH,152,9389356,9389370,9533089,9533149
chr1,9681445,10023940,1,0,342496,0.5722736,1.0173396,ITX,0.008734752,1.0086048,0.98282825,0.91389819,1:0,LOH,44,9681445,9681448,10009925,10023940
chr1,10144446,10278986,1,0,134541,0.5722736,1.0173396,INV,0.008734752,1.0086048,0.98282825,0.898337621,1:0,LOH,37,10144446,10144529,10278986,10278986
chr1,10278987,10485861,1,1,206875,0.9518197,1.7473332,INV,0.873666612,0.8736666,0,0.054728398,1:1,neutral,213,10278987,10279101,10485858,10485861
chr1,10486169,12669427,1,1,2183259,1.0843414,2.0022166,ITX,1.001108313,1.0011083,0,0.051863793,1:1,neutral,1330,10486169,10486195,12669423,12669427
chr1,13780016,37360042,1,1,23580027,1.0843414,2.0022166,NA,1.001108313,1.0011083,0,0.049000926,1:1,neutral,14289,13780016,13780016,37359962,37360122
chr1,37380050,61300023,1,1,23919977,1.0843414,2.0022166,NA,1.001108313,1.0011083,0,0.051173016,1:1,neutral,12329,37380050,37380137,61299961,61300023
chr1,61300024,61749988,1,1,449965,1.1534877,2.135208,NA,1.067604005,1.067604,0,0.046296154,1:1,neutral,140,61300024,61300086,61749803,61750173
chr1,61749988,66871122,1,1,5121135,1.0843414,2.0022166,NA,1.001108313,1.0011083,0,0.049292938,1:1,neutral,2839,61749803,61750173,66870986,66871122
chr1,66871123,66941810,2,1,70688,1.6084836,3.0103168,DUP,1.007904672,2.0024121,0.33036638,0.295676642,2:1,gain,44,66871123,66871204,66941802,66941810
chr1,66942559,67008063,2,1,65505,1.6084836,3.0103168,ITX,1.007904672,2.0024121,0.33036638,0.317300276,2:1,gain,153,66942559,66942602,67007971,67008063
chr1,67008381,105360009,1,1,38351635,1.0843414,2.0022166,DUP,1.001108313,1.0011083,0,0.050913636,1:1,neutral,23492,67008381,67008495,105359994,105360009
chr1,105420009,120529963,1,1,15109956,1.0843414,2.0022166,NA,1.001108313,1.0011083,0,0.049316463,1:1,neutral,8663,105419987,105420031,120529963,120529963
chr1,144920087,145739956,1,1,819870,1.0843414,2.0022166,NA,1.001108313,1.0011083,0,0.05110172,1:1,neutral,130,144920087,144920087,145739956,145739956
chr1,146540101,147829895,1,1,1289795,1.0843414,2.0022166,NA,1.001108313,1.0011083,0,0.05202161,1:1,neutral,367,146540101,146540101,147829895,147829895
chr1,149815060,249209945,1,1,99394894,1.0843414,2.0022166,NA,1.001108313,1.0011083,0,0.048573529,1:1,neutral,62527,149815060,149815060,249209945,249209945
chr2,56091935,56133669,1,1,41735,1.0843414,2.0022166,CTX,1.001108313,1.0011083,0,0.058791304,1:1,neutral,34,56091935,56091993,56133516,56133669
chr2,56133670,68499775,1,0,12366106,0.5722736,1.0173396,DEL,0.008734752,1.0086048,0.98282825,0.914425,1:0,LOH,7197,56133670,56133685,68499704,68499775
chr2,68673383,77180022,1,1,8506640,1.0843414,2.0022166,DEL,1.001108313,1.0011083,0,0.052009756,1:1,neutral,4530,68673383,68673411,77179952,77180022
chr2,77180023,81410008,1,1,4229986,1.1534877,2.135208,NA,1.067604005,1.067604,0,0.050642164,1:1,neutral,3152,77180023,77180093,81409982,81410034
chr2,81410008,81439987,1,1,29980,1.0098193,1.8588858,NA,0.929442893,0.9294429,0,0.069925,1:1,neutral,40,81409982,81410034,81439973,81439987
chr2,81439988,87059860,1,1,5619874,1.0843414,2.0022166,NA,1.001108313,1.0011083,0,0.050832143,1:1,neutral,3028,81439988,81440002,87059860,87059860
chr2,88330099,89229990,1,1,899892,1.0843414,2.0022166,NA,1.001108313,1.0011083,0,0.050548529,1:1,neutral,464,88330099,88330099,89229990,89229990
chr2,95580145,96239991,1,1,659847,1.0843414,2.0022166,NA,1.001108313,1.0011083,0,0.051817799,1:1,neutral,61,95580145,95580145,96239991,96239991
chr2,96740021,104370103,1,1,7630084,1.0843414,2.0022166,NA,1.001108313,1.0011083,0,0.050531737,1:1,neutral,3823,96740021,96740021,104369999,104370103
chr2,104370104,105750115,1,1,1380012,1.1534877,2.135208,NA,1.067604005,1.067604,0,0.048409884,1:1,neutral,889,104370104,104370208,105749985,105750245
chr2,105750115,116540020,1,1,10789906,1.0843414,2.0022166,NA,1.001108313,1.0011083,0,0.049767647,1:1,neutral,5087,105749985,105750245,116539988,116540052
chr2,116569995,132189994,1,1,15620000,1.0843414,2.0022166,NA,1.001108313,1.0011083,0,0.050528448,1:1,neutral,9620,116569942,116570048,132189994,132189994
chr2,133045003,153042836,1,1,19997834,1.0843414,2.0022166,NA,1.001108313,1.0011083,0,0.051176316,1:1,neutral,11374,133045003,133050033,153042795,153042877
chr2,153042836,154649986,1,1,1607152,1.1534877,2.135208,NA,1.067604005,1.067604,0,0.049138889,1:1,neutral,1373,153042795,153042877,154649914,154650058
chr2,154669966,159590002,1,1,4920037,1.0843414,2.0022166,NA,1.001108313,1.0011083,0,0.050165741,1:1,neutral,2637,154669966,154670062,159589952,159590002
chr2,159590003,159639936,1,1,49934,1.1534877,2.135208,NA,1.067604005,1.067604,0,0.04377133,1:1,neutral,61,159590003,159590053,159639853,159640019
chr2,159639936,233970041,1,1,74330115,1.0843414,2.0022166,NA,1.001108313,1.0011083,0,0.05095,1:1,neutral,41858,159639853,159640019,233969997,233970041
chr2,234029977,235280016,1,1,1250040,1.0843414,2.0022166,NA,1.001108313,1.0011083,0,0.051680755,1:1,neutral,1008,234029977,234060070,235279989,235280016
chr2,235295017,235829970,1,1,534954,1.1534877,2.135208,NA,1.067604005,1.067604,0,0.051756164,1:1,neutral,821,235289975,235300059,235829928,235829970
chr2,235829971,242999969,1,1,7170000,1.0843414,2.0022166,NA,1.001108313,1.0011083,0,0.0484375,1:1,neutral,6358,235829971,235830013,242999969,242999969
chr3,100074,33780001,1,1,33679933,1.0843414,2.0022166,NA,1.001108313,1.0011083,0,0.048911111,1:1,neutral,28337,100074,100074,33779834,33780168
chr3,33819980,41439978,1,1,7619999,1.0843414,2.0022166,NA,1.001108313,1.0011083,0,0.050371053,1:1,neutral,2725,33819980,33820001,41439923,41439978
chr3,41450001,65379986,1,1,23929987,1.0843414,2.0022166,NA,1.001108313,1.0011083,0,0.04989881,1:1,neutral,15061,41449981,41450021,65379959,65380013
chr3,65379986,65599949,1,1,219964,1.1534877,2.135208,NA,1.067604005,1.067604,0,0.050448113,1:1,neutral,289,65379959,65380013,65599859,65599949
chr3,65599950,90259931,1,1,24659985,1.0843414,2.0022166,NA,1.001108313,1.0011083,0,0.05013587,1:1,neutral,15775,65599950,65600040,90199759,90320103
chr3,93690098,116139996,1,1,22449901,1.0843414,2.0022166,NA,1.001108313,1.0011083,0,0.05177803,1:1,neutral,14995,93689997,93690199,116139861,116140131
chr3,116139996,116190003,1,1,50008,1.1534877,2.135208,NA,1.067604005,1.067604,0,0.045991667,1:1,neutral,44,116139861,116140131,116189911,116190003
chr3,116190004,180979976,1,1,64789981,1.0843414,2.0022166,NA,1.001108313,1.0011083,0,0.051325,1:1,neutral,38609,116190004,116190096,180979876,180980076
chr3,180979976,181490041,1,1,510066,1.1534877,2.135208,NA,1.067604005,1.067604,0,0.04575,1:1,neutral,100,180979876,180980076,181489990,181490092
chr3,181490041,197779892,1,1,16289854,1.0843414,2.0022166,NA,1.001108313,1.0011083,0,0.050832143,1:1,neutral,11801,181489990,181490092,197779892,197779892
chr4,50084,1389958,1,1,1339875,0.9518197,1.7473332,NA,0.873666612,0.8736666,0,0.053068293,1:1,neutral,570,50084,50084,1389891,1389958
chr4,1445053,7769993,1,1,6324941,0.9518197,1.7473332,NA,0.873666612,0.8736666,0,0.054746296,1:1,neutral,5206,1445053,1480194,7769978,7769993
chr4,7769994,7849990,1,1,79997,1.0098193,1.8588858,NA,0.929442893,0.9294429,0,0.051833333,1:1,neutral,128,7769994,7770009,7849970,7850010
chr4,7849990,8939952,1,1,1089963,0.9518197,1.7473332,NA,0.873666612,0.8736666,0,0.048310088,1:1,neutral,1420,7849970,7850010,8939952,8939952
chr4,9800043,17210002,1,1,7409960,0.9518197,1.7473332,NA,0.873666612,0.8736666,0,0.052804114,1:1,neutral,6317,9800043,9800043,17209898,17210106
chr4,17219994,31809947,1,1,14589956,0.9518197,1.7473332,NA,0.873666612,0.8736666,0,0.05475,1:1,neutral,10097,17219983,17220005,31809854,31809947
chr4,31830057,37619946,1,1,5789891,0.9518197,1.7473332,NA,0.873666612,0.8736666,0,0.056089785,1:1,neutral,5109,31830057,31840130,37619872,37619946
chr4,37639982,48500058,1,1,10860078,0.9518197,1.7473332,NA,0.873666612,0.8736666,0,0.0536,1:1,neutral,7582,37639982,37640003,48499938,48500178
chr4,48500058,49089961,1,1,589904,1.0098193,1.8588858,NA,0.929442893,0.9294429,0,0.05265,1:1,neutral,180,48499938,48500178,49089961,49089961
chr4,52680564,65193270,1,1,12512707,1.0098193,1.8588858,NA,0.929442893,0.9294429,0,0.054603165,1:1,neutral,9139,52680564,52680564,65193240,65193270
chr4,65229977,66649996,1,1,1420020,1.0098193,1.8588858,NA,0.929442893,0.9294429,0,0.050616667,1:1,neutral,958,65229977,65230028,66649982,66649996
chr4,66669981,83340038,1,1,16670058,0.9518197,1.7473332,NA,0.873666612,0.8736666,0,0.055075,1:1,neutral,10145,66669981,66670003,83339933,83340038
chr4,83394915,83570010,1,1,175096,0.9518197,1.7473332,NA,0.873666612,0.8736666,0,0.0499,1:1,neutral,148,83389793,83400037,83569999,83570010
chr4,83570011,83589965,1,1,19955,1.0098193,1.8588858,NA,0.929442893,0.9294429,0,0.058232659,1:1,neutral,61,83570011,83570022,83589913,83590017
chr4,83589965,128249970,1,1,44660007,0.9518197,1.7473332,NA,0.873666612,0.8736666,0,0.054390789,1:1,neutral,29588,83589913,83590017,128249879,128249970
chr4,128299909,129080018,1,1,780110,0.9518197,1.7473332,NA,0.873666612,0.8736666,0,0.052644343,1:1,neutral,219,128299810,128300008,129079957,129080079
chr4,129099997,136095104,1,1,6995108,0.9518197,1.7473332,NA,0.873666612,0.8736666,0,0.057867857,1:1,neutral,6075,129099966,129100028,136089972,136095104
chr4,136119952,141259855,1,1,5139904,0.9518197,1.7473332,NA,0.873666612,0.8736666,0,0.055075,1:1,neutral,3444,136119952,136120141,141259636,141259855
chr4,141259856,141319978,1,1,60123,1.0843414,2.0022166,NA,1.001108313,1.0011083,0,0.035165595,1:1,neutral,35,141259856,141260075,141319936,141319978
chr4,141319979,144065039,1,1,2745061,0.9518197,1.7473332,NA,0.873666612,0.8736666,0,0.054884211,1:1,neutral,1023,141319979,141320021,144059982,144065039
chr4,144089989,148699982,1,1,4609994,0.9518197,1.7473332,NA,0.873666612,0.8736666,0,0.049870238,1:1,neutral,1863,144089989,144090043,148699936,148700028
chr4,148699982,153240093,1,1,4540112,1.0098193,1.8588858,NA,0.929442893,0.9294429,0,0.055102778,1:1,neutral,1740,148699936,148700028,153239994,153240192
chr4,153240093,153339897,1,1,99805,1.0843414,2.0022166,NA,1.001108313,1.0011083,0,0.060761321,1:1,neutral,31,153239994,153240192,153339674,153339897
chr4,153339898,154700067,1,1,1360170,1.0098193,1.8588858,NA,0.929442893,0.9294429,0,0.049503571,1:1,neutral,988,153339898,153340121,154699982,154700067
chr4,154719955,156299960,1,1,1580006,1.0098193,1.8588858,NA,0.929442893,0.9294429,0,0.053471154,1:1,neutral,1545,154719720,154720190,156299881,156299960
chr4,156299961,172260012,1,1,15960054,0.9518197,1.7473332,NA,0.873666612,0.8736666,0,0.056634483,1:1,neutral,11327,156299961,156300040,172259939,172260012
chr4,172260013,176660013,1,1,4400001,1.0098193,1.8588858,NA,0.929442893,0.9294429,0,0.053433333,1:1,neutral,2663,172260013,172260086,176659885,176660013
chr4,176660014,176769972,1,1,109959,1.0843414,2.0022166,NA,1.001108313,1.0011083,0,0.063290517,1:1,neutral,167,176660014,176660142,176769926,176769972
chr4,176769973,186449967,1,1,9679995,0.9518197,1.7473332,NA,0.873666612,0.8736666,0,0.05475,1:1,neutral,6740,176769973,176770019,186449922,186450012
chr4,186470010,190939997,1,1,4469990,0.9518197,1.7473332,NA,0.873666612,0.8736666,0,0.055018507,1:1,neutral,4662,186469979,186470041,190939997,190939997
chr5,50017,1340002,1,1,1289986,0.9518197,1.7473332,NA,0.831087344,0.9162459,0.04873629,0.063325,1:1,mixDH,526,50017,50017,1339989,1340015
chr5,1379995,1849996,1,1,470002,0.9518197,1.7473332,NA,0.831087344,0.9162459,0.04873629,0.067477778,1:1,mixDH,551,1379995,1380007,1849991,1850001
chr5,1889979,8349964,1,1,6459986,0.9518197,1.7473332,NA,0.831087344,0.9162459,0.04873629,0.0616,1:1,mixDH,6567,1889979,1890023,8349870,8350058
chr5,8379989,14149950,1,1,5769962,0.9518197,1.7473332,NA,0.831087344,0.9162459,0.04873629,0.065025,1:1,mixDH,4823,8379967,8380011,14149888,14150012
chr5,14149950,14310005,1,1,160056,1.0843414,2.0022166,NA,0.979528293,1.0226883,0.02155613,0.054277869,1:1,mixDH,128,14149888,14150012,14309998,14310012
chr5,14310005,16715026,1,1,2405022,0.9518197,1.7473332,NA,0.873666612,0.8736666,0,0.06656748,1:1,neutral,1485,14309998,14310012,16709955,16715026
chr5,16750004,42980005,1,1,26230002,0.9518197,1.7473332,NA,0.831087344,0.9162459,0.04873629,0.064994266,1:1,mixDH,17467,16750004,16750023,42979925,42980085
chr5,43055051,46399990,1,1,3344940,0.9518197,1.7473332,NA,0.831087344,0.9162459,0.04873629,0.064482609,1:1,mixDH,1133,43049998,43060104,46399990,46399990
chr5,49470005,67459989,1,1,17989985,0.9518197,1.7473332,NA,0.831087344,0.9162459,0.04873629,0.065259615000000007,1:1,mixDH,11286,49470005,49470005,67459919,67460059
chr5,67459989,67599969,1,1,139981,1.0098193,1.8588858,NA,0.901896489,0.9569893,0.02963754,0.070839864,1:1,mixDH,114,67459919,67460059,67599915,67600023
chr5,67599969,68829703,1,1,1229735,0.9518197,1.7473332,NA,0.873666612,0.8736666,0,0.0673,1:1,neutral,672,67599915,67600023,68829703,68829703
chr5,70750153,73680009,1,1,2929857,0.9518197,1.7473332,NA,0.831087344,0.9162459,0.04873629,0.068103261,1:1,mixDH,2459,70750153,70750153,73679925,73680093
chr5,73680009,73720000,1,1,39992,1.0098193,1.8588858,NA,0.901896489,0.9569893,0.02963754,0.061766243,1:1,mixDH,49,73679925,73680093,73719978,73720000
chr5,73720001,114790057,1,1,41070061,0.9518197,1.7473332,NA,0.831087344,0.9162459,0.04873629,0.065025,1:1,mixDH,27065,73720001,73720023,114789995,114790057
chr5,114790058,114970020,1,1,179963,1.0098193,1.8588858,NA,0.901896489,0.9569893,0.02963754,0.078495,1:1,mixDH,153,114790058,114790120,114969980,114970060
chr5,114970020,138630015,1,1,23659998,0.9518197,1.7473332,NA,0.873666612,0.8736666,0,0.063261364,1:1,neutral,15135,114969980,114970060,138629983,138630047
chr5,138650014,139005262,1,1,355249,0.9518197,1.7473332,NA,0.873666612,0.8736666,0,0.057651048,1:1,neutral,68,138650014,138650058,139005227,139005262
chr5,139005263,139189950,1,1,184688,1.0098193,1.8588858,NA,0.929442893,0.9294429,0,0.060135027,1:1,neutral,105,139005263,139005298,139189843,139189950
chr5,139189951,146680021,1,1,7490071,0.9518197,1.7473332,NA,0.873666612,0.8736666,0,0.064642308,1:1,neutral,4526,139189951,139190058,146679956,146680086
chr5,146699931,159779983,1,1,13080054,0.9518197,1.7473332,NA,0.831087344,0.9162459,0.04873629,0.066008333,1:1,mixDH,9968,146699931,146700016,159779907,159779983
chr5,159859994,169599969,1,1,9739976,0.9518197,1.7473332,NA,0.873666612,0.8736666,0,0.065055303,1:1,neutral,6776,159859994,159860019,169599936,169600002
chr5,169599969,169699996,1,1,100028,1.0098193,1.8588858,NA,0.901896489,0.9569893,0.02963754,0.076489865,1:1,mixDH,113,169599936,169600002,169699978,169700014
chr5,169699996,171970975,1,1,2270980,0.9518197,1.7473332,NA,0.873666612,0.8736666,0,0.060494538,1:1,neutral,1271,169699978,169700014,171970929,171970975
chr5,171970976,172049807,2,1,78832,1.6084836,3.0103168,CTX,1.007904672,2.0024121,0.33036638,0.3760201,2:1,gain,96,171970976,171970986,172049804,172049807
chr5,172049808,180689979,1,1,8640172,0.9518197,1.7473332,CTX,0.831087344,0.9162459,0.04873629,0.06776966,1:1,mixDH,5832,172049808,172049845,180689979,180689979
chr6,201976,41384259,1,1,41182292,1.0843414,2.0022166,NA,1.001108313,1.0011083,0,0.051537844,1:1,neutral,33326,201976,201976,41384233,41384259
chr6,41384260,41440921,2,1,56662,1.6084836,3.0103168,ITX,1.007904672,2.0024121,0.33036638,0.32714026,2:1,gain,50,41384260,41384310,41440921,41440921
chr6,41441181,58019982,1,1,16578806,1.0843414,2.0022166,DUP,1.001108313,1.0011083,0,0.051835714,1:1,neutral,9074,41441181,41441401,58019982,58019982
chr6,61890002,112350002,1,1,50460011,1.0843414,2.0022166,NA,1.001108313,1.0011083,0,0.050945652,1:1,neutral,32698,61890002,61890002,112349910,112350002
chr6,112369995,163579974,1,1,51209983,1.0843414,2.0022166,NA,1.001108313,1.0011083,0,0.051325,1:1,neutral,34049,112369949,112370041,163579947,163580001
chr6,163579974,164010048,1,1,430075,1.1534877,2.135208,NA,1.067604005,1.067604,0,0.0491625,1:1,neutral,335,163579947,163580001,164009955,164010048
chr6,164010049,170942284,1,1,6932236,1.0843414,2.0022166,NA,1.001108313,1.0011083,0,0.048792553,1:1,neutral,5737,164010049,164010142,170899935,170942284
chr7,40386,8010105,2,1,7969725,1.6084836,3.0103168,NA,1.007904672,2.0024121,0.33036638,0.323003886,2:1,gain,7041,40386,40386,8009989,8010105
chr7,8020093,15690050,2,1,7669962,1.6084836,3.0103168,NA,1.007904672,2.0024121,0.33036638,0.326141176,2:1,gain,7563,8019977,8020209,15689890,15690050
chr7,47155234,47176780,14,2,21547,8.3443,15.965537,INV,1.87878808,14.0867489,0.76464455,0.764641228,14:2,loss,56,47155234,47155316,47176713,47176780
chr7,47176781,47262002,15,2,85222,8.826047,16.8920971,INV,1.975184862,14.9169122,0.76614095,0.767068573,15:2,loss,98,47176781,47176962,47261996,47262002
chr7,47271116,47368831,15,2,97716,8.826047,16.8920971,DEL,1.975184862,14.9169122,0.76614095,0.762531186,15:2,loss,80,47271116,47271123,47368745,47368831
chr7,47368832,47420819,15,2,51988,8.826047,16.8920971,DUP,1.975184862,14.9169122,0.76614095,0.765467697,15:2,loss,39,47368832,47369025,47420810,47420819
chr7,47493512,47588131,14,2,94620,8.3747,16.0240063,DUP,1.916793988,14.1072123,0.76075971,0.758236506,14:2,loss,71,47493512,47493520,47588129,47588131
chr7,47588132,47774743,14,2,186612,8.2604,15.8041693,INV,1.860354576,13.9438148,0.7645742,0.759507028,14:2,loss,104,47588132,47588133,47774717,47774743
chr7,47774744,47811759,15,2,37016,8.826047,16.8920971,DUP,1.975184862,14.9169122,0.76614095,0.763157895,15:2,loss,62,47774744,47774744,47811643,47811759
chr7,47967409,48068397,15,2,100989,8.826047,16.8920971,DEL,1.975184862,14.9169122,0.76614095,0.759113537,15:2,loss,147,47967409,47967425,48068258,48068397
chr7,48068398,48117546,15,2,49149,8.826047,16.8920971,INV,1.975184862,14.9169122,0.76614095,0.764150275,15:2,loss,50,48068398,48068418,48117546,48117546
chr7,48153093,48280878,15,2,127786,8.826047,16.8920971,DUP,1.975184862,14.9169122,0.76614095,0.765968067,15:2,loss,204,48153093,48153157,48280843,48280878
chr7,48662632,49616106,2,2,953475,1.9831806,3.730984,INV,1.86549201,1.865492,0,0.051487821,2:2,gain,1041,48662632,48662716,49616082,49616106
chr7,49737394,50140184,2,2,402791,1.9831806,3.730984,INV,1.741127222,1.9898568,0.06666595,0.058356037,2:2,gain,422,49737394,49737672,50139937,50140184
chr7,50140418,50416309,2,2,275892,1.9831806,3.730984,INV,1.741127222,1.9898568,0.06666595,0.169467984,2:2,gain,252,50140418,50140466,50369918,50416309
chr7,50416310,50522395,2,2,106086,1.9831806,3.730984,DEL,1.741127222,1.9898568,0.06666595,0.153809035,2:2,gain,80,50416310,50420051,50522345,50522395
chr7,51196659,51553152,2,2,356494,1.9831806,3.730984,INV,1.741127222,1.9898568,0.06666595,0.123411785,2:2,gain,139,51196659,51196747,51553097,51553152
chr7,51685362,51767185,8,2,81824,5.2988,10.1080253,DEL,2.007743164,8.1002822,0.60274275,0.596431624,8:2,loss,42,51685362,51685366,51767158,51767185
chr7,51788029,51934807,13,2,146779,7.7745,14.8696217,INV,1.975243543,12.8943781,0.73432498,0.727789515,13:2,loss,91,51788029,51788112,51929998,51934807
chr7,52180478,52424681,2,1,244204,1.6084836,3.0103168,INV,1.007904672,2.0024121,0.33036638,0.209645606,2:1,gain,127,52180478,52180603,52424672,52424681
chr7,52424682,52652017,2,2,227336,1.9831806,3.730984,DUP,1.741127222,1.9898568,0.06666595,0.207044338,2:2,gain,360,52424682,52424797,52652016,52652017
chr7,52652018,52974071,2,2,322054,1.9831806,3.730984,INV,1.741127222,1.9898568,0.06666595,0.153182353,2:2,gain,672,52652018,52652019,52973916,52974071
chr7,52978725,53070925,2,2,92201,1.9831806,3.730984,DUP,1.741127222,1.9898568,0.06666595,0.124453846,2:2,gain,125,52978725,52978788,53070922,53070925
chr7,53070926,53137990,2,2,67065,1.9831806,3.730984,INV,1.741127222,1.9898568,0.06666595,0.127849329,2:2,gain,43,53070926,53070928,53137853,53137990
chr7,53137991,53537444,2,2,399454,1.9831806,3.730984,ITX,1.741127222,1.9898568,0.06666595,0.145421483,2:2,gain,319,53137991,53138034,53537364,53537444
chr7,53538811,53928866,2,2,390056,1.9831806,3.730984,INV,1.741127222,1.9898568,0.06666595,0.142097801,2:2,gain,465,53538811,53538845,53928865,53928866
chr7,53960675,54055570,2,2,94896,1.9831806,3.730984,INV,1.741127222,1.9898568,0.06666595,0.13807259,2:2,gain,72,53960675,53960689,54055514,54055570
chr7,54055939,54296411,2,2,240473,1.9831806,3.730984,DUP,1.741127222,1.9898568,0.06666595,0.214447316,2:2,gain,470,54055939,54055956,54279924,54296411
chr7,54435103,54496890,17,2,61788,9.909,18.9749767,DEL,2.175342477,16.7996342,0.77071461,0.768906008,17:2,loss,42,54435103,54435172,54496864,54496890
chr7,54843399,54969449,29,2,126051,16.361,31.3843233,DEL,2.1603312,29.2239921,0.86233055,0.859761166,29:2,gain,223,54843399,54843444,54969437,54969449
chr7,55400232,55467970,27,2,67739,15.1663,29.086517,DUP,1.982078931,27.1044381,0.8637115,0.859085421,27:2,gain,91,55400232,55400263,55467923,55467970
chr7,61983136,63539969,2,2,1556834,1.9831806,3.730984,NA,1.86549201,1.865492,0,0.040668182,2:2,gain,621,61983136,61983136,63539882,63540056
chr7,63563246,72229988,2,2,8666746,1.9831806,3.730984,CTX,1.86549201,1.865492,0,0.039974403,2:2,gain,5093,63563246,63563285,72229988,72229988
chr7,129990863,130068146,2,1,77284,1.6084836,3.0103168,CTX,1.007904672,2.0024121,0.33036638,0.315829792,2:1,gain,52,129990863,129990882,130068004,130068146
chr8,170012,3163437,1,1,2993433,1.0843414,2.0022166,NA,1.001108313,1.0011083,0,0.049316463,1:1,neutral,3573,170012,170012,3163412,3163437
chr8,3163438,3240029,1,1,76592,1.1534877,2.135208,NA,1.067604005,1.067604,0,0.047603662,1:1,neutral,130,3163438,3163463,3239997,3240061
chr8,3296649,4249996,1,1,953348,1.1534877,2.135208,NA,1.067604005,1.067604,0,0.049562573,1:1,neutral,1650,3296649,3296675,4249983,4250009
chr8,4249996,4449985,1,1,199992,1.0843414,2.0022166,NA,1.001108313,1.0011083,0,0.044280172,1:1,neutral,343,4249983,4250009,4449960,4449985
chr8,4449986,5889986,1,1,1440004,1.1534877,2.135208,NA,1.067604005,1.067604,0,0.050895567,1:1,neutral,3631,4449986,4450011,5889956,5889986
chr8,5889987,5915747,1,1,25761,1.0098193,1.8588858,NA,0.929442893,0.9294429,0,0.04813442,1:1,neutral,82,5889987,5890017,5915691,5915747
chr8,5915909,6919904,1,0,1003996,0.5722736,1.0173396,DEL,0.008734752,1.0086048,0.98282825,0.911,1:0,LOH,967,5915909,5915914,6919904,6919904
chr8,8100000,10906122,1,0,2806124,0.5722736,1.0173396,NA,0.008734752,1.0086048,0.98282825,0.912875,1:0,LOH,3597,8100000,8100000,10906042,10906122
chr8,10910020,11099992,1,1,189973,1.0843414,2.0022166,NA,1.001108313,1.0011083,0,0.048146226,1:1,neutral,276,10910020,10910066,11099981,11099992
chr8,11099993,11859985,1,0,759993,0.5722736,1.0173396,NA,0.008734752,1.0086048,0.98282825,0.911191071,1:0,LOH,1092,11099993,11100004,11859985,11859985
chr8,12580042,43060043,1,0,30480007,0.5722736,1.0173396,NA,0.008734752,1.0086048,0.98282825,0.90893406,1:0,LOH,26172,12580042,12580042,43059985,43060101
chr8,48665016,73849989,1,1,25184980,1.0843414,2.0022166,NA,1.001108313,1.0011083,0,0.049816176,1:1,neutral,14244,48665016,48670039,73849967,73850011
chr8,73859966,146289988,1,1,72430032,1.0843414,2.0022166,NA,1.001108313,1.0011083,0,0.051325,1:1,neutral,48608,73859966,73860008,146289988,146289988
chr9,200101,11729998,1,1,11529901,1.0843414,2.0022166,NA,1.001108313,1.0011083,0,0.049709071,1:1,neutral,12448,200101,200101,11729979,11729998
chr9,11729999,13420007,1,1,1690009,1.1534877,2.135208,NA,1.067604005,1.067604,0,0.048746154,1:1,neutral,1665,11729999,11730018,13419990,13420024
chr9,13450017,14420028,1,1,970013,1.1534877,2.135208,NA,1.067604005,1.067604,0,0.0471,1:1,neutral,726,13449941,13450093,14419980,14420076
chr9,14420028,16699943,1,1,2279916,1.0843414,2.0022166,NA,1.001108313,1.0011083,0,0.04790431,1:1,neutral,1148,14419980,14420076,16699832,16700054
chr9,16729984,18589942,1,1,1859962,1.0843414,2.0022166,NA,1.001108313,1.0011083,0,0.051,1:1,neutral,1977,16729984,16730008,18589769,18589942
chr9,18589943,18644987,1,1,55045,1.1534877,2.135208,NA,1.067604005,1.067604,0,0.043177273,1:1,neutral,47,18589943,18590116,18639920,18644987
chr9,18660094,19218247,1,1,558154,1.0098193,1.8588858,NA,0.929442893,0.9294429,0,0.0506,1:1,neutral,566,18660094,18660234,19218233,19218247
chr9,19218632,21009961,1,0,1791330,0.5722736,1.0173396,DEL,0.008734752,1.0086048,0.98282825,0.913298851,1:0,LOH,1010,19218632,19218633,21009885,21010037
chr9,21020019,22572171,0,0,1552153,0.0535,0.019565,NA,0.0097825,0.0097825,0,0.1438,0:0,LOH,851,21019943,21020095,22572163,22572171
chr9,22572172,22779207,1,0,207036,0.5722736,1.0173396,DEL,0.008734752,1.0086048,0.98282825,0.904810465,1:0,LOH,58,22572172,22572183,22779143,22779207
chr9,22779410,22821562,1,1,42153,1.0843414,2.0022166,DEL,1.001108313,1.0011083,0,0.046309971,1:1,neutral,36,22779410,22779525,22821441,22821562
chr9,22822546,22866743,1,1,44198,1.0098193,1.8588858,INV,0.929442893,0.9294429,0,0.041872668,1:1,neutral,40,22822546,22822673,22866713,22866743
chr9,22884998,23167395,1,1,282398,1.0843414,2.0022166,NA,1.001108313,1.0011083,0,0.053045946,1:1,neutral,174,22879929,22890067,23167326,23167395
chr9,23169375,23503697,1,1,334323,1.0843414,2.0022166,ITX,1.001108313,1.0011083,0,0.047200862,1:1,neutral,295,23169375,23169393,23503695,23503697
chr9,23503888,23816694,1,0,312807,0.5722736,1.0173396,DUP,0.008734752,1.0086048,0.98282825,0.919311441,1:0,LOH,147,23503888,23503923,23816554,23816694
chr9,23819991,24412670,1,1,592680,1.0843414,2.0022166,NA,1.001108313,1.0011083,0,0.05474781,1:1,neutral,410,23819991,23820001,24412556,24412670
chr9,24433476,24833055,1,1,399580,1.0843414,2.0022166,ITX,1.001108313,1.0011083,0,0.048738174,1:1,neutral,195,24433476,24433494,24833054,24833055
chr9,24833056,29880000,1,1,5046945,1.0843414,2.0022166,INV,1.001108313,1.0011083,0,0.049566667,1:1,neutral,4118,24833056,24833056,29879967,29880000
chr9,29940080,38769828,1,1,8829749,1.0843414,2.0022166,NA,1.001108313,1.0011083,0,0.049816667,1:1,neutral,4825,29939964,29940196,38769828,38769828
chr9,71030093,99344998,1,1,28314910,1.0843414,2.0022166,NA,1.001108313,1.0011083,0,0.051041667,1:1,neutral,17467,71030093,71030093,99339916,99350080
chr9,99379998,140240514,1,1,40860524,1.0843414,2.0022166,NA,1.001108313,1.0011083,0,0.049966667,1:1,neutral,24267,99379998,99380003,140240510,140240518
chr9,140263382,141019791,1,1,756410,1.0098193,1.8588858,NA,0.929442893,0.9294429,0,0.050648387,1:1,neutral,268,140263382,140263396,141019791,141019791
chr10,130013,39149984,1,0,39019980,0.5722736,1.0173396,NA,0.008734752,1.0086048,0.98282825,0.911,1:0,LOH,31669,130013,130013,39149984,39149984
chr10,42410000,46159967,1,0,3749970,0.5722736,1.0173396,NA,0.008734752,1.0086048,0.98282825,0.90957995,1:0,LOH,2318,42410000,42410000,46159967,46159967
chr10,48310177,48659961,1,0,349785,0.5722736,1.0173396,NA,0.008734752,1.0086048,0.98282825,0.915422368,1:0,LOH,80,48310177,48310177,48659961,48659961
chr10,49390096,51284992,1,0,1894897,0.5722736,1.0173396,NA,0.008734752,1.0086048,0.98282825,0.913216099,1:0,LOH,1097,49390096,49390096,51049949,51284992
chr10,51560033,83630021,1,0,32069990,0.5722736,1.0173396,NA,0.008734752,1.0086048,0.98282825,0.914425,1:0,LOH,22073,51560033,51560067,83629851,83630021
chr10,83639984,135439925,1,0,51799952,0.5722736,1.0173396,NA,0.008734752,1.0086048,0.98282825,0.914425,1:0,LOH,33354,83639984,83640039,135439925,135439925
chr11,190010,17056544,1,0,16866535,0.5722736,1.0173396,NA,0.008734752,1.0086048,0.98282825,0.908681557,1:0,LOH,12511,190010,190010,17049973,17056544
chr11,17060937,20407319,2,1,3346383,1.6084836,3.0103168,INV,1.007904672,2.0024121,0.33036638,0.321268807,2:1,gain,2466,17060937,17080070,20407275,20407363
chr11,20548665,36163919,2,1,15615260,1.6084836,3.0103168,NA,1.007904672,2.0024121,0.33036638,0.321144894,2:1,gain,10148,20548665,20548666,36163841,36163919
chr11,36179902,41800003,1,1,5620102,1.0843414,2.0022166,NA,1.001108313,1.0011083,0,0.0537125,1:1,neutral,3346,36179798,36180006,41799942,41800003
chr11,41819987,48645019,1,1,6825033,1.0843414,2.0022166,NA,1.001108313,1.0011083,0,0.050277027,1:1,neutral,2993,41819987,41820006,48609993,48645019
chr11,55020033,82419946,1,1,27399917,1.0843414,2.0022166,NA,1.001108313,1.0011083,0,0.049316463,1:1,neutral,15223,55019946,55020120,82419882,82419946
chr11,82419947,82579984,1,1,160038,1.1534877,2.135208,NA,1.067604005,1.067604,0,0.043875,1:1,neutral,49,82419947,82420011,82579943,82580025
chr11,82579984,89349940,1,1,6769957,1.0843414,2.0022166,NA,1.001108313,1.0011083,0,0.0512,1:1,neutral,4799,82579943,82580025,89349940,89349940
chr11,89850037,104610037,1,1,14760002,1.0843414,2.0022166,NA,1.001108313,1.0011083,0,0.051325,1:1,neutral,10638,89850037,89850037,104609979,104610095
chr11,104628895,134939862,1,1,30310973,1.0843414,2.0022166,NA,1.001108313,1.0011083,0,0.048764041,1:1,neutral,20744,104628895,104628978,134939862,134939862
chr12,160107,34439994,1,1,34279897,1.0843414,2.0022166,NA,1.001108313,1.0011083,0,0.051007692,1:1,neutral,23498,160107,160107,34439925,34439994
chr12,34560007,34819969,1,1,259963,1.0098193,1.8588858,NA,0.929442893,0.9294429,0,0.043488978,1:1,neutral,36,34559994,34560020,34819969,34819969
chr12,38000003,38219945,1,1,219943,0.9518197,1.7473332,NA,0.873666612,0.8736666,0,0.049399074,1:1,neutral,126,38000003,38000003,38219884,38220006
chr12,38219945,38539973,1,1,320029,1.0098193,1.8588858,NA,0.929442893,0.9294429,0,0.055917901,1:1,neutral,282,38219884,38220006,38539942,38539973
chr12,38599998,93950002,1,1,55350010,1.0843414,2.0022166,NA,1.001108313,1.0011083,0,0.050457609,1:1,neutral,32728,38599998,38640009,93949997,93950002
chr12,93999969,129719965,1,1,35720003,1.0843414,2.0022166,NA,1.001108313,1.0011083,0,0.051075,1:1,neutral,25270,93999969,94000089,129719892,129719965
chr12,129730006,133819926,1,1,4089921,1.0098193,1.8588858,NA,0.929442893,0.9294429,0,0.048625,1:1,neutral,3626,129729999,129730013,133819926,133819926
chr14,20330060,22319996,1,1,1989937,1.0843414,2.0022166,NA,1.001108313,1.0011083,0,0.049595455,1:1,neutral,1718,20330060,20330060,22319947,22320045
chr14,22319996,22989973,1,1,669978,1.1534877,2.135208,NA,1.067604005,1.067604,0,0.048222414,1:1,neutral,813,22319947,22320045,22989893,22989973
chr14,22989974,50090055,1,1,27100083,1.0843414,2.0022166,NA,1.001108313,1.0011083,0,0.050675,1:1,neutral,16455,22989974,22990054,50089951,50090159
chr14,50100003,58279981,1,1,8179979,1.0843414,2.0022166,NA,1.001108313,1.0011083,0,0.048878302,1:1,neutral,6035,50099989,50100017,58279934,58279981
chr14,58300003,59911099,1,1,1611097,1.0843414,2.0022166,NA,1.001108313,1.0011083,0,0.049560135,1:1,neutral,1227,58299998,58300008,59909768,59911099
chr14,59913064,61999976,1,1,2086913,1.0843414,2.0022166,DEL,1.001108313,1.0011083,0,0.041958824,1:1,neutral,171,59913064,59920039,61999904,61999976
chr14,62109962,106310012,1,1,44200061,1.0843414,2.0022166,NA,1.001108313,1.0011083,0,0.049194444,1:1,neutral,30423,62109822,62110102,106309974,106310050
chr14,106310012,106375045,1,1,65034,1.0098193,1.8588858,NA,0.929442893,0.9294429,0,0.047725,1:1,neutral,80,106309974,106310050,106349982,106400108
chr14,106375045,106740045,1,1,365001,1.1534877,2.135208,NA,1.067604005,1.067604,0,0.048683503,1:1,neutral,162,106349982,106400108,106739975,106740115
chr14,106740045,107259908,1,1,519864,1.0843414,2.0022166,NA,1.001108313,1.0011083,0,0.050145522,1:1,neutral,476,106739975,106740115,107259908,107259908
chr16,100010,1990024,1,1,1890017,1.1895046,2.2044805,NA,0.986344284,1.2181362,0.10514584,0.1006,1:1,mixDH,2212,100010,100010,1989985,1990024
chr16,2099992,3475012,1,1,1375022,1.1895046,2.2044805,NA,0.986344284,1.2181362,0.10514584,0.098357965,1:1,mixDH,716,2099992,2100009,3469993,3475012
chr16,3590060,3730008,1,1,139949,1.0843414,2.0022166,NA,0.979528293,1.0226883,0.02155613,0.06631706,1:1,mixDH,31,3589955,3590165,3729997,3730019
chr16,3730008,7200008,1,1,3470003,1.1895046,2.2044805,NA,0.986344284,1.2181362,0.10514584,0.096362879,1:1,mixDH,3288,3729997,3730019,7199995,7200008
chr16,7200009,7230013,1,1,30005,1.1534877,2.135208,NA,1.042998875,1.0922091,0.02304706,0.058094737,1:1,mixDH,70,7200009,7200022,7229978,7230048
chr16,7230013,15881053,1,1,8651043,1.1895046,2.2044805,NA,0.986344284,1.2181362,0.10514584,0.094381818,1:1,mixDH,7192,7229978,7230048,15881027,15881053
chr16,16910341,17665851,1,1,755511,1.1895046,2.2044805,DEL,0.986344284,1.2181362,0.10514584,0.09145,1:1,mixDH,574,16910341,16910423,17665827,17665851
chr17,20080,13950786,1,0,13930708,0.5722736,1.0173396,NA,0.008734752,1.0086048,0.98282825,0.911,1:0,LOH,8778,20080,20080,13950763,13950786
chr17,13951764,18239982,1,1,4288219,1.0843414,2.0022166,ITX,1.001108313,1.0011083,0,0.049366667,1:1,neutral,2219,13951764,13951764,18239982,18239982
chr17,18750212,22239986,1,1,3489775,1.0843414,2.0022166,NA,1.001108313,1.0011083,0,0.049248885,1:1,neutral,1018,18750212,18750212,22239986,22239986
chr17,25390040,44279982,1,1,18889945,1.0843414,2.0022166,NA,1.001108313,1.0011083,0,0.050882597,1:1,neutral,10448,25390040,25390040,44279982,44279982
chr17,44790026,81149937,1,1,36359914,1.0843414,2.0022166,NA,1.001108313,1.0011083,0,0.0479,1:1,neutral,21503,44790026,44790026,81149937,81149937
chr18,130031,9914990,1,0,9784962,0.5722736,1.0173396,NA,0.008734752,1.0086048,0.98282825,0.907575,1:0,LOH,8491,130031,130031,9914944,9914990
chr18,9915202,14119956,1,0,4204756,0.5722736,1.0173396,CTX,0.008734752,1.0086048,0.98282825,0.909995455,1:0,LOH,3500,9915202,9915231,14119956,14119956
chr18,14910027,14929888,1,0,19862,0.5722736,1.0173396,NA,0.008734752,1.0086048,0.98282825,0.9237,1:0,LOH,32,14910027,14910027,14929888,14929888
chr18,18540053,78009968,1,0,59469926,0.5722736,1.0173396,NA,0.008734752,1.0086048,0.98282825,0.911,1:0,LOH,41807,18540053,18540053,78009968,78009968
chr19,260137,4970005,1,1,4709869,1.0098193,1.8588858,NA,0.929442893,0.9294429,0,0.051325,1:1,neutral,2575,260137,260137,4969963,4970005
chr19,4970006,5119969,1,1,149964,1.0843414,2.0022166,NA,1.001108313,1.0011083,0,0.052617486,1:1,neutral,187,4970006,4970048,5119915,5119969
chr19,5119970,13040052,1,1,7920083,1.0098193,1.8588858,NA,0.929442893,0.9294429,0,0.051019186,1:1,neutral,3638,5119970,5120024,13039991,13040113
chr19,13040052,13199944,1,1,159893,1.1534877,2.135208,NA,1.067604005,1.067604,0,0.052889073,1:1,neutral,32,13039991,13040113,13199879,13200009
chr19,13199944,19779970,1,1,6580027,1.0098193,1.8588858,NA,0.929442893,0.9294429,0,0.052126316,1:1,neutral,3917,13199879,13200009,19779885,19779970
chr19,19810040,24384979,1,1,4574940,1.0098193,1.8588858,NA,0.929442893,0.9294429,0,0.050367991,1:1,neutral,1751,19799941,19820139,24379958,24384979
chr19,24384980,24569972,1,1,184993,0.9518197,1.7473332,NA,0.873666612,0.8736666,0,0.054506489,1:1,neutral,74,24384980,24390001,24569972,24569972
chr19,27750002,28269992,1,1,519991,0.9518197,1.7473332,NA,0.873666612,0.8736666,0,0.053440397,1:1,neutral,225,27750002,27750002,28269920,28270064
chr19,28289972,30449982,1,1,2160011,1.0098193,1.8588858,NA,0.929442893,0.9294429,0,0.051651531,1:1,neutral,1576,28289908,28290036,30449959,30449982
chr19,30549823,36145021,1,1,5595199,1.0098193,1.8588858,NA,0.929442893,0.9294429,0,0.05155,1:1,neutral,3092,30549823,30550003,36139950,36145021
chr19,36145022,36184961,1,1,39940,0.9518197,1.7473332,NA,0.873666612,0.8736666,0,0.039561728,1:1,neutral,44,36145022,36150093,36169909,36200013
chr19,36184961,40014999,1,1,3830039,1.0098193,1.8588858,NA,0.929442893,0.9294429,0,0.048798276,1:1,neutral,1567,36169909,36200013,40009989,40020009
chr19,40029996,43209995,1,1,3180000,1.0098193,1.8588858,NA,0.929442893,0.9294429,0,0.05166087,1:1,neutral,1120,40029996,40030005,43209995,43209995
chr19,43800006,46199013,1,1,2399008,1.0098193,1.8588858,NA,0.929442893,0.9294429,0,0.052515351,1:1,neutral,1100,43800006,43800006,46198905,46199013
chr19,46280949,59089999,1,1,12809051,1.0098193,1.8588858,CTX,0.929442893,0.9294429,0,0.051325,1:1,neutral,6181,46280949,46280949,59089999,59089999
chr21,15410077,15579957,1,1,169881,1.0098193,1.8588858,NA,0.929442893,0.9294429,0,0.043791729,1:1,neutral,161,15410077,15410077,15579909,15579957
chr21,15579958,25969953,1,1,10389997,1.0843414,2.0022166,NA,1.001108313,1.0011083,0,0.051242857,1:1,neutral,8213,15579958,15580006,25969899,25970007
chr21,25979977,48099931,1,1,22119956,1.0843414,2.0022166,NA,1.001108313,1.0011083,0,0.048979545,1:1,neutral,14770,25979977,25980008,48099931,48099931
chr22,16850007,28930017,1,1,12080012,1.0843414,2.0022166,NA,1.001108313,1.0011083,0,0.048983975,1:1,neutral,6147,16850007,16850007,28919892,28930017
chr22,29005069,43110013,1,1,14104948,1.0843414,2.0022166,NA,1.001108313,1.0011083,0,0.050954907,1:1,neutral,7243,28999987,29010151,43109999,43110027
chr22,43110013,43190017,1,1,80005,0.9518197,1.7473332,NA,0.873666612,0.8736666,0,0.054755176,1:1,neutral,78,43109999,43110027,43189999,43190017
chr22,43190018,49400011,1,1,6209997,1.0843414,2.0022166,NA,1.001108313,1.0011083,0,0.049458333,1:1,neutral,5745,43190018,43190036,49399995,49400027
chr22,49400011,51179984,1,1,1779974,1.0098193,1.8588858,NA,0.929442893,0.9294429,0,0.051467521,1:1,neutral,1665,49399995,49400027,51179984,51179984
chr23,2700027,30036107,1,1,27336081,1.0843414,2.0022166,NA,1.001108313,1.0011083,0,0.055226744,1:1,neutral,11510,2700027,2700027,30029910,30036107
chr23,30063472,58499983,1,1,28436512,1.0843414,2.0022166,INV,1.001108313,1.0011083,0,0.056960227,1:1,neutral,8803,30063472,30063540,58499983,58499983
chr23,61750000,64575050,1,1,2825051,1.0098193,1.8588858,NA,0.929442893,0.9294429,0,0.057296552,1:1,neutral,82,61750000,61750000,64569972,64580128
chr23,64649885,70112243,1,1,5462359,1.0098193,1.8588858,NA,0.929442893,0.9294429,0,0.057653448,1:1,neutral,1989,64649885,64650029,70109979,70112243
chr23,70113014,75200038,1,1,5087025,1.0098193,1.8588858,CTX,0.929442893,0.9294429,0,0.057217857,1:1,neutral,974,70113014,70120184,75199997,75200038
chr23,75204862,88459980,1,1,13255119,1.0843414,2.0022166,DEL,1.001108313,1.0011083,0,0.052525,1:1,neutral,6430,75204862,75205133,88459980,88459980
chr23,88990017,89349936,1,1,359920,1.0843414,2.0022166,NA,1.001108313,1.0011083,0,0.050066936,1:1,neutral,91,88990017,88990017,89349936,89349936
chr23,90140199,91529952,1,1,1389754,1.0843414,2.0022166,NA,1.001108313,1.0011083,0,0.052003681,1:1,neutral,457,90140199,90140199,91529952,91529952
chr23,92380000,154929639,1,1,62549640,1.0843414,2.0022166,NA,1.001108313,1.0011083,0,0.054886111,1:1,neutral,20555,92380000,92380000,154929639,154929639
